id,voice_key,speaker,game,exact_text,normalized_text,emotion,priority,duration_class,filename_wav,filename_web,source_file,source_line,trigger,replayable,dynamic,current_tts_system,current_lang,current_rate,current_pitch,suggested_copy,notes
H01,guide.home.greeting,GUIDE,home,"Hola Sofi, ¿a qué querés jugar?",hola sofi a que queres jugar,warm,P1,MEDIUM,assets-src/audio/voices/guide/guide-home-greeting.wav,public/assets/audio/voices/guide/guide-home-greeting.m4a,app-core.js,539,Tocar al guía en el Home (world.setupGuide),sí (tocar de nuevo),no,SofiApp.audio.speak,es-AR,0.9,1.2,,Sin cancel: tocar varias veces encola saludos. Único texto con voseo del proyecto.
H02,system.core.celebrateGeneric,SYSTEM,core,"¡Felicidades Sofi, has ganado!",felicidades sofi has ganado,celebratory,P3,MEDIUM,assets-src/audio/voices/system/system-core-celebrate-generic.wav,public/assets/audio/voices/system/system-core-celebrate-generic.m4a,app-core.js; script.js,301; 23,"feedback.celebrate() (solo desde showEndScreen2, que nadie llama) y playVictorySpeech() (nadie la llama)",no,template (${SofiApp.profile.name} = 'Sofi'; fallback literal en script.js),SofiApp.audio.speak,es-AR,0.9,1.2,NO GRABAR (código muerto),"Código muerto: 0 llamadas vivas. ""has ganado"" no es rioplatense."
D01,guide.diff.introAdventure,GUIDE,diferencias,"¡Vamos de aventura, Sofi!",vamos de aventura sofi,playful,P1,MEDIUM,assets-src/audio/voices/guide/guide-diff-intro-adventure.wav,public/assets/audio/voices/guide/guide-diff-intro-adventure.m4a,game1.js,325,Inicio de cada aventura (AdventureIntroScene.create),no,no,speakDifferenceInstruction,es-AR (voz es-AR>es-ES>es),0.9,1.05,,
D02,guide.diff.whichDifferent,GUIDE,diferencias,¿Cuál es diferente?,cual es diferente,curious,P0,SHORT,assets-src/audio/voices/guide/guide-diff-which-different.wav,public/assets/audio/voices/guide/guide-diff-which-different.m4a,game1.js,"82; 87 → 772, 493",Instrucción de ronda object y category (levelInstructions) + 🔊,sí (🔊),selected (levelInstructions[type]),speakDifferenceInstruction,es-AR (voz es-AR>es-ES>es),0.9,1.05,,Compartida por object y category.
D03,guide.diff.whichColor,GUIDE,diferencias,¿Cuál tiene otro color?,cual tiene otro color,curious,P0,MEDIUM,assets-src/audio/voices/guide/guide-diff-which-color.wav,public/assets/audio/voices/guide/guide-diff-which-color.m4a,game1.js,"83 → 772, 493",Instrucción de ronda color + 🔊,sí (🔊),selected,speakDifferenceInstruction,es-AR (voz es-AR>es-ES>es),0.9,1.05,,
D04,guide.diff.whichOrientation,GUIDE,diferencias,¿Cuál mira para otro lado?,cual mira para otro lado,curious,P0,MEDIUM,assets-src/audio/voices/guide/guide-diff-which-orientation.wav,public/assets/audio/voices/guide/guide-diff-which-orientation.m4a,game1.js,"84 → 772, 493",Instrucción de ronda orientation + 🔊,sí (🔊),selected,speakDifferenceInstruction,es-AR (voz es-AR>es-ES>es),0.9,1.05,,"El texto visual dice ""¿Cuál mira distinto?"": ya hay diferencia texto/voz."
D05,guide.diff.whichSize,GUIDE,diferencias,¿Cuál tiene otro tamaño?,cual tiene otro tamano,curious,P0,MEDIUM,assets-src/audio/voices/guide/guide-diff-which-size.wav,public/assets/audio/voices/guide/guide-diff-which-size.m4a,game1.js,"85 → 772, 493",Instrucción de ronda size + 🔊,sí (🔊),selected,speakDifferenceInstruction,es-AR (voz es-AR>es-ES>es),0.9,1.05,,
D06,guide.diff.findTwoDifferent,GUIDE,diferencias,¡Encuentra los dos diferentes!,encuentra los dos diferentes,encouraging,P0,MEDIUM,assets-src/audio/voices/guide/guide-diff-find-two-different.wav,public/assets/audio/voices/guide/guide-diff-find-two-different.m4a,game1.js,"86 → 772, 493",Rondas sorpresa 5 y 10 (special) cuando el desafío no trae instruction propia + 🔊,sí (🔊),selected,speakDifferenceInstruction,es-AR (voz es-AR>es-ES>es),0.9,1.05,¡Encontrá los dos diferentes!,Tuteo en un proyecto es-AR.
D07,guide.diff.lookObserve,GUIDE,diferencias,Mira bien.,mira bien,calm,P0,SHORT,assets-src/audio/voices/guide/guide-diff-look-observe.wav,public/assets/audio/voices/guide/guide-diff-look-observe.m4a,game1.js,764 → 772,Fase de observación de las rondas memory,no (el 🔊 está oculto y después reproduce la instrucción),no,speakDifferenceInstruction,es-AR (voz es-AR>es-ES>es),0.9,1.05,Mirá bien.,"Mismo sentido que R02 ""¡Mira bien!"" (GUIDE): candidata a compartir audio, pero la entonación es distinta (afirmación vs exclamación)."
D08,guide.diff.whichSeenBefore,GUIDE,diferencias,¿Cuál viste antes?,cual viste antes,curious,P0,SHORT,assets-src/audio/voices/guide/guide-diff-which-seen-before.wav,public/assets/audio/voices/guide/guide-diff-which-seen-before.m4a,game1.js,"40; 46 → 806, 493","Pregunta después de la observación (mem-fruit, mem-animal) + 🔊",sí (🔊),selected (levelData.instruction),speakDifferenceInstruction,es-AR (voz es-AR>es-ES>es),0.9,1.05,,
D09,guide.diff.whichSeenBeforePlural,GUIDE,diferencias,¿Cuáles viste antes?,cuales viste antes,curious,P0,SHORT,assets-src/audio/voices/guide/guide-diff-which-seen-before-plural.wav,public/assets/audio/voices/guide/guide-diff-which-seen-before-plural.m4a,game1.js,"52 → 806, 493",Pregunta después de la observación (mem-vehic) + 🔊,sí (🔊),selected,speakDifferenceInstruction,es-AR (voz es-AR>es-ES>es),0.9,1.05,,
D10,guide.diff.whatComesNext,GUIDE,diferencias,¿Cuál sigue?,cual sigue,curious,P0,SHORT,assets-src/audio/voices/guide/guide-diff-what-comes-next.wav,public/assets/audio/voices/guide/guide-diff-what-comes-next.m4a,game1.js,"57; 61; 65 → 772, 493",Instrucción de ronda pattern + 🔊,sí (🔊),selected,speakDifferenceInstruction,es-AR (voz es-AR>es-ES>es),0.9,1.05,,
D11,guide.diff.findAllAnimals,GUIDE,diferencias,¡Encuentra todos los animales!,encuentra todos los animales,encouraging,P0,MEDIUM,assets-src/audio/voices/guide/guide-diff-find-all-animals.wav,public/assets/audio/voices/guide/guide-diff-find-all-animals.m4a,game1.js,"70 → 772, 493",Instrucción findAll (find-animal) + 🔊,sí (🔊),selected,speakDifferenceInstruction,es-AR (voz es-AR>es-ES>es),0.9,1.05,¡Encontrá todos los animales!,Tuteo.
D12,guide.diff.findAllFruits,GUIDE,diferencias,¡Encuentra todas las frutas!,encuentra todas las frutas,encouraging,P0,MEDIUM,assets-src/audio/voices/guide/guide-diff-find-all-fruits.wav,public/assets/audio/voices/guide/guide-diff-find-all-fruits.m4a,game1.js,"74 → 772, 493",Instrucción findAll (find-fruit) + 🔊,sí (🔊),selected,speakDifferenceInstruction,es-AR (voz es-AR>es-ES>es),0.9,1.05,¡Encontrá todas las frutas!,Tuteo.
D13,guide.diff.findAllStars,GUIDE,diferencias,¡Encuentra todas las estrellas!,encuentra todas las estrellas,encouraging,P0,MEDIUM,assets-src/audio/voices/guide/guide-diff-find-all-stars.wav,public/assets/audio/voices/guide/guide-diff-find-all-stars.m4a,game1.js,"78 → 772, 493",Instrucción findAll (find-stars) + 🔊,sí (🔊),selected,speakDifferenceInstruction,es-AR (voz es-AR>es-ES>es),0.9,1.05,¡Encontrá todas las estrellas!,Tuteo.
D14,guide.diff.hintRemember,GUIDE,diferencias,Recuerda lo que viste.,recuerda lo que viste,gentle,P1,MEDIUM,assets-src/audio/voices/guide/guide-diff-hint-remember.wav,public/assets/audio/voices/guide/guide-diff-hint-remember.m4a,game1.js,40; 46; 52 → 421,Primera pista (hintStage 1) en rondas memory,no,selected (levelData.hintSpeech),speakDifferenceInstruction,es-AR (voz es-AR>es-ES>es),0.9,1.05,Acordate de lo que viste.,Tuteo.
D15,guide.diff.hintPattern,GUIDE,diferencias,Mira cómo se repiten.,mira como se repiten,gentle,P1,MEDIUM,assets-src/audio/voices/guide/guide-diff-hint-pattern.wav,public/assets/audio/voices/guide/guide-diff-hint-pattern.m4a,game1.js,57; 61; 65; 417 → 421,Primera pista en rondas pattern,no,selected,speakDifferenceInstruction,es-AR (voz es-AR>es-ES>es),0.9,1.05,Mirá cómo se repiten.,El fallback de la línea 417 no se alcanza nunca (todos los pattern tienen hintSpeech): mismo texto.
D16,guide.diff.hintOneByOne,GUIDE,diferencias,Busca uno por uno.,busca uno por uno,gentle,P1,MEDIUM,assets-src/audio/voices/guide/guide-diff-hint-one-by-one.wav,public/assets/audio/voices/guide/guide-diff-hint-one-by-one.m4a,game1.js,70; 74; 78; 418 → 421,Primera pista en rondas findAll,no,selected,speakDifferenceInstruction,es-AR (voz es-AR>es-ES>es),0.9,1.05,Buscá uno por uno.,El fallback de la línea 418 no se alcanza nunca: mismo texto.
D17,guide.diff.hintSize,GUIDE,diferencias,Mira cuál tiene otro tamaño.,mira cual tiene otro tamano,gentle,P1,MEDIUM,assets-src/audio/voices/guide/guide-diff-hint-size.wav,public/assets/audio/voices/guide/guide-diff-hint-size.m4a,game1.js,416 → 421,"Primera pista en rondas size (fallback, sin hintSpeech)",no,selected (fallback por tipo),speakDifferenceInstruction,es-AR (voz es-AR>es-ES>es),0.9,1.05,Mirá cuál tiene otro tamaño.,
D18,guide.diff.hintLookCarefully,GUIDE,diferencias,Mira con atención.,mira con atencion,gentle,P1,SHORT,assets-src/audio/voices/guide/guide-diff-hint-look-carefully.wav,public/assets/audio/voices/guide/guide-diff-hint-look-carefully.m4a,game1.js,419 → 421,"Primera pista en rondas object, color, orientation y category (fallback)",no,selected (fallback),speakDifferenceInstruction,es-AR (voz es-AR>es-ES>es),0.9,1.05,Mirá con atención.,La pista más frecuente del juego.
D19,guide.diff.adventureComplete,GUIDE,diferencias,¡Muy bien Sofi! ¡Terminaste la aventura!,muy bien sofi terminaste la aventura,celebratory,P2,MEDIUM,assets-src/audio/voices/guide/guide-diff-adventure-complete.wav,public/assets/audio/voices/guide/guide-diff-adventure-complete.m4a,game1.js,1007,Fin de la aventura (FinalCelebrationScene1),no,no,speakDifferenceInstruction,es-AR (voz es-AR>es-ES>es),0.9,1.05,"¡Muy bien, Sofi! ¡Terminaste la aventura!","Mismo texto que M46 (Laberinto, CARAMELO): NO compartir audio."
P01,guide.paint.drawingComplete,GUIDE,pintar,¡Qué hermoso dibujo Sofía! ¡Felicidades!,que hermoso dibujo sofia felicidades,celebratory,P2,MEDIUM,assets-src/audio/voices/guide/guide-paint-drawing-complete.wav,public/assets/audio/voices/guide/guide-paint-drawing-complete.m4a,game2.js,1094,Dibujo completo (FinalCelebrationScene2.create),no,no,speechSynthesis directo,es-ES,default (1),default (1),"¡Qué hermoso dibujo, Sofi! ¡Felicidades!","Única frase de Pintar. Dice ""Sofía"" (el resto dice ""Sofi"") y usa es-ES. No se cancela al salir."
M01,caramelo.maze.mission.findBone,CARAMELO,laberinto,¡Busca el hueso!,busca el hueso,encouraging,P0,SHORT,assets-src/audio/voices/caramelo/caramelo-maze-mission-find-bone.wav,public/assets/audio/voices/caramelo/caramelo-maze-mission-find-bone.m4a,game3.js,49 → 950,"Inicio de nivel (showLevelIntro), variante forest-a",no (el 🔊 reproduce getCurrentSpeech),selected (mission.instruction.speech),speakMaze,es-AR (voz es-AR>es),0.9,1.05,¡Buscá el hueso!,Tuteo.
M02,caramelo.maze.mission.bringFriendHome,CARAMELO,laberinto,¡Encuentra a tu amigo y llévalo a casa!,encuentra a tu amigo y llevalo a casa,encouraging,P0,LONG,assets-src/audio/voices/caramelo/caramelo-maze-mission-bring-friend-home.wav,public/assets/audio/voices/caramelo/caramelo-maze-mission-bring-friend-home.m4a,game3.js,64 → 950,"Inicio de nivel (showLevelIntro), variante forest-b",no (el 🔊 reproduce getCurrentSpeech),selected (mission.instruction.speech),speakMaze,es-AR (voz es-AR>es),0.9,1.05,¡Encontrá a tu amigo y llevalo a casa!,Tuteo.
M03,caramelo.maze.mission.findTwoBones,CARAMELO,laberinto,¡Busca los dos huesos!,busca los dos huesos,encouraging,P0,MEDIUM,assets-src/audio/voices/caramelo/caramelo-maze-mission-find-two-bones.wav,public/assets/audio/voices/caramelo/caramelo-maze-mission-find-two-bones.m4a,game3.js,87; 174 → 950,"Inicio de nivel (showLevelIntro), variante garden-a, snow-a",no (el 🔊 reproduce getCurrentSpeech),selected (mission.instruction.speech),speakMaze,es-AR (voz es-AR>es),0.9,1.05,¡Buscá los dos huesos!,Tuteo.
M04,caramelo.maze.mission.waterForFlower,CARAMELO,laberinto,¡Busca agua para la flor!,busca agua para la flor,encouraging,P0,MEDIUM,assets-src/audio/voices/caramelo/caramelo-maze-mission-water-for-flower.wav,public/assets/audio/voices/caramelo/caramelo-maze-mission-water-for-flower.m4a,game3.js,105 → 950,"Inicio de nivel (showLevelIntro), variante garden-b",no (el 🔊 reproduce getCurrentSpeech),selected (mission.instruction.speech),speakMaze,es-AR (voz es-AR>es),0.9,1.05,¡Buscá agua para la flor!,Tuteo.
M05,caramelo.maze.mission.findStars,CARAMELO,laberinto,¡Busca las estrellas!,busca las estrellas,encouraging,P0,SHORT,assets-src/audio/voices/caramelo/caramelo-maze-mission-find-stars.wav,public/assets/audio/voices/caramelo/caramelo-maze-mission-find-stars.m4a,game3.js,128 → 950,"Inicio de nivel (showLevelIntro), variante beach-a",no (el 🔊 reproduce getCurrentSpeech),selected (mission.instruction.speech),speakMaze,es-AR (voz es-AR>es),0.9,1.05,¡Buscá las estrellas!,Tuteo.
M06,caramelo.maze.mission.woodForBridge,CARAMELO,laberinto,¡Busca madera para el puente!,busca madera para el puente,encouraging,P0,MEDIUM,assets-src/audio/voices/caramelo/caramelo-maze-mission-wood-for-bridge.wav,public/assets/audio/voices/caramelo/caramelo-maze-mission-wood-for-bridge.m4a,game3.js,147 → 950,"Inicio de nivel (showLevelIntro), variante beach-b",no (el 🔊 reproduce getCurrentSpeech),selected (mission.instruction.speech),speakMaze,es-AR (voz es-AR>es),0.9,1.05,¡Buscá madera para el puente!,Tuteo.
M07,caramelo.maze.mission.buttonOpenPath,CARAMELO,laberinto,¡Busca el botón para abrir el camino!,busca el boton para abrir el camino,encouraging,P0,MEDIUM,assets-src/audio/voices/caramelo/caramelo-maze-mission-button-open-path.wav,public/assets/audio/voices/caramelo/caramelo-maze-mission-button-open-path.m4a,game3.js,193 → 950,"Inicio de nivel (showLevelIntro), variante snow-b",no (el 🔊 reproduce getCurrentSpeech),selected (mission.instruction.speech),speakMaze,es-AR (voz es-AR>es),0.9,1.05,¡Buscá el botón para abrir el camino!,Tuteo.
M08,caramelo.maze.mission.keyOpenDoor,CARAMELO,laberinto,¡Busca la llave para abrir la puerta!,busca la llave para abrir la puerta,encouraging,P0,MEDIUM,assets-src/audio/voices/caramelo/caramelo-maze-mission-key-open-door.wav,public/assets/audio/voices/caramelo/caramelo-maze-mission-key-open-door.m4a,game3.js,222 → 950,"Inicio de nivel (showLevelIntro), variante night-a",no (el 🔊 reproduce getCurrentSpeech),selected (mission.instruction.speech),speakMaze,es-AR (voz es-AR>es),0.9,1.05,¡Buscá la llave para abrir la puerta!,Tuteo.
M09,caramelo.maze.mission.lightAndStar,CARAMELO,laberinto,¡Busca la luz y la estrella!,busca la luz y la estrella,encouraging,P0,MEDIUM,assets-src/audio/voices/caramelo/caramelo-maze-mission-light-and-star.wav,public/assets/audio/voices/caramelo/caramelo-maze-mission-light-and-star.m4a,game3.js,243 → 950,"Inicio de nivel (showLevelIntro), variante night-b",no (el 🔊 reproduce getCurrentSpeech),selected (mission.instruction.speech),speakMaze,es-AR (voz es-AR>es),0.9,1.05,¡Buscá la luz y la estrella!,Tuteo.
M10,caramelo.maze.mission.keyAndStars,CARAMELO,laberinto,¡Busca la llave y las estrellas!,busca la llave y las estrellas,encouraging,P0,MEDIUM,assets-src/audio/voices/caramelo/caramelo-maze-mission-key-and-stars.wav,public/assets/audio/voices/caramelo/caramelo-maze-mission-key-and-stars.m4a,game3.js,268 → 950,"Inicio de nivel (showLevelIntro), variante magic-a",no (el 🔊 reproduce getCurrentSpeech),selected (mission.instruction.speech),speakMaze,es-AR (voz es-AR>es),0.9,1.05,¡Buscá la llave y las estrellas!,Tuteo.
M11,caramelo.maze.mission.friendAndPath,CARAMELO,laberinto,¡Lleva a tu amigo y abre el camino!,lleva a tu amigo y abre el camino,encouraging,P0,LONG,assets-src/audio/voices/caramelo/caramelo-maze-mission-friend-and-path.wav,public/assets/audio/voices/caramelo/caramelo-maze-mission-friend-and-path.m4a,game3.js,290 → 950,"Inicio de nivel (showLevelIntro), variante magic-b",no (el 🔊 reproduce getCurrentSpeech),selected (mission.instruction.speech),speakMaze,es-AR (voz es-AR>es),0.9,1.05,¡Llevá a tu amigo y abrí el camino!,Tuteo.
M12,caramelo.maze.goHomeNow,CARAMELO,laberinto,¡Ahora vamos a casa!,ahora vamos a casa,encouraging,P1,MEDIUM,assets-src/audio/voices/caramelo/caramelo-maze-go-home-now.wav,public/assets/audio/voices/caramelo/caramelo-maze-go-home-now.m4a,game3.js,"897; 1272 → 732, 1052, 1347, 1272","getCurrentSpeech sin objetivos pendientes (🔊, pista 20 s) y al completar la misión tras recoger",sí (🔊),selected (getCurrentSpeech por estado),speakMaze,es-AR (voz es-AR>es),0.9,1.05,,"Se superpone con M35/M39/M43: al completar la misión se dice ""…Vamos a casa."" y 1–1,5 s después esta frase la corta (cancel)."
M13,caramelo.maze.hint.whereKey,CARAMELO,laberinto,¿Dónde está la llave?,donde esta la llave,curious,P0,MEDIUM,assets-src/audio/voices/caramelo/caramelo-maze-hint-where-key.wav,public/assets/audio/voices/caramelo/caramelo-maze-hint-where-key.m4a,game3.js,"898 → 732, 1052, 1347","getCurrentSpeech: falta la llave | llamado desde 🔊 (732), casa antes de tiempo (1052) y pista a los 20 s (1347)",sí (🔊),selected (getCurrentSpeech por estado),speakMaze,es-AR (voz es-AR>es),0.9,1.05,,
M14,caramelo.maze.hint.openDoorWithKey,CARAMELO,laberinto,¡Abre la puerta con la llave!,abre la puerta con la llave,encouraging,P0,MEDIUM,assets-src/audio/voices/caramelo/caramelo-maze-hint-open-door-with-key.wav,public/assets/audio/voices/caramelo/caramelo-maze-hint-open-door-with-key.m4a,game3.js,"899 → 732, 1052, 1347","getCurrentSpeech: llave ya obtenida, falta abrir | llamado desde 🔊 (732), casa antes de tiempo (1052) y pista a los 20 s (1347)",sí (🔊),selected (getCurrentSpeech por estado),speakMaze,es-AR (voz es-AR>es),0.9,1.05,¡Abrí la puerta con la llave!,Tuteo.
M15,caramelo.maze.hint.whereButton,CARAMELO,laberinto,¿Dónde está el botón?,donde esta el boton,curious,P0,MEDIUM,assets-src/audio/voices/caramelo/caramelo-maze-hint-where-button.wav,public/assets/audio/voices/caramelo/caramelo-maze-hint-where-button.m4a,game3.js,"900 → 732, 1052, 1347","getCurrentSpeech: falta el botón (switch) | llamado desde 🔊 (732), casa antes de tiempo (1052) y pista a los 20 s (1347)",sí (🔊),selected (getCurrentSpeech por estado),speakMaze,es-AR (voz es-AR>es),0.9,1.05,,
M16,caramelo.maze.hint.goThroughOpenPath,CARAMELO,laberinto,¡Pasa por el camino abierto!,pasa por el camino abierto,encouraging,P0,MEDIUM,assets-src/audio/voices/caramelo/caramelo-maze-hint-go-through-open-path.wav,public/assets/audio/voices/caramelo/caramelo-maze-hint-go-through-open-path.m4a,game3.js,"901 → 732, 1052, 1347","getCurrentSpeech: barrera abierta | llamado desde 🔊 (732), casa antes de tiempo (1052) y pista a los 20 s (1347)",sí (🔊),selected (getCurrentSpeech por estado),speakMaze,es-AR (voz es-AR>es),0.9,1.05,¡Pasá por el camino abierto!,Tuteo.
M17,caramelo.maze.hint.whereFriend,CARAMELO,laberinto,¿Dónde está tu amigo?,donde esta tu amigo,curious,P0,MEDIUM,assets-src/audio/voices/caramelo/caramelo-maze-hint-where-friend.wav,public/assets/audio/voices/caramelo/caramelo-maze-hint-where-friend.m4a,game3.js,"902 → 732, 1052, 1347","getCurrentSpeech: falta el amigo | llamado desde 🔊 (732), casa antes de tiempo (1052) y pista a los 20 s (1347)",sí (🔊),selected (getCurrentSpeech por estado),speakMaze,es-AR (voz es-AR>es),0.9,1.05,,
M18,caramelo.maze.hint.whereStar,CARAMELO,laberinto,¿Dónde está la estrella?,donde esta la estrella,curious,P0,MEDIUM,assets-src/audio/voices/caramelo/caramelo-maze-hint-where-star.wav,public/assets/audio/voices/caramelo/caramelo-maze-hint-where-star.m4a,game3.js,"903 → 732, 1052, 1347","getCurrentSpeech: falta una estrella | llamado desde 🔊 (732), casa antes de tiempo (1052) y pista a los 20 s (1347)",sí (🔊),selected (getCurrentSpeech por estado),speakMaze,es-AR (voz es-AR>es),0.9,1.05,,
M19,caramelo.maze.hint.findWater,CARAMELO,laberinto,¡Busca el agua!,busca el agua,encouraging,P0,SHORT,assets-src/audio/voices/caramelo/caramelo-maze-hint-find-water.wav,public/assets/audio/voices/caramelo/caramelo-maze-hint-find-water.m4a,game3.js,"904 → 732, 1052, 1347","getCurrentSpeech: falta el agua | llamado desde 🔊 (732), casa antes de tiempo (1052) y pista a los 20 s (1347)",sí (🔊),selected (getCurrentSpeech por estado),speakMaze,es-AR (voz es-AR>es),0.9,1.05,¡Buscá el agua!,Tuteo.
M20,caramelo.maze.hint.bringWaterToPlant,CARAMELO,laberinto,¡Lleva el agua a la planta!,lleva el agua a la planta,encouraging,P0,MEDIUM,assets-src/audio/voices/caramelo/caramelo-maze-hint-bring-water-to-plant.wav,public/assets/audio/voices/caramelo/caramelo-maze-hint-bring-water-to-plant.m4a,game3.js,"905 → 732, 1052, 1347","getCurrentSpeech: agua obtenida, falta la planta | llamado desde 🔊 (732), casa antes de tiempo (1052) y pista a los 20 s (1347)",sí (🔊),selected (getCurrentSpeech por estado),speakMaze,es-AR (voz es-AR>es),0.9,1.05,¡Llevá el agua a la planta!,"Tuteo. Dice ""planta""; la instrucción M04 dice ""flor""."
M21,caramelo.maze.hint.findWood,CARAMELO,laberinto,¡Busca la madera!,busca la madera,encouraging,P0,SHORT,assets-src/audio/voices/caramelo/caramelo-maze-hint-find-wood.wav,public/assets/audio/voices/caramelo/caramelo-maze-hint-find-wood.m4a,game3.js,"906 → 732, 1052, 1347","getCurrentSpeech: falta la madera | llamado desde 🔊 (732), casa antes de tiempo (1052) y pista a los 20 s (1347)",sí (🔊),selected (getCurrentSpeech por estado),speakMaze,es-AR (voz es-AR>es),0.9,1.05,¡Buscá la madera!,Tuteo.
M22,caramelo.maze.hint.buildBridge,CARAMELO,laberinto,¡Construye el puente!,construye el puente,encouraging,P0,SHORT,assets-src/audio/voices/caramelo/caramelo-maze-hint-build-bridge.wav,public/assets/audio/voices/caramelo/caramelo-maze-hint-build-bridge.m4a,game3.js,"907 → 732, 1052, 1347","getCurrentSpeech: madera obtenida, falta el puente | llamado desde 🔊 (732), casa antes de tiempo (1052) y pista a los 20 s (1347)",sí (🔊),selected (getCurrentSpeech por estado),speakMaze,es-AR (voz es-AR>es),0.9,1.05,¡Construí el puente!,Tuteo.
M23,caramelo.maze.hint.findLight,CARAMELO,laberinto,¡Busca la luz!,busca la luz,encouraging,P0,SHORT,assets-src/audio/voices/caramelo/caramelo-maze-hint-find-light.wav,public/assets/audio/voices/caramelo/caramelo-maze-hint-find-light.m4a,game3.js,"908 → 732, 1052, 1347","getCurrentSpeech: falta la luz | llamado desde 🔊 (732), casa antes de tiempo (1052) y pista a los 20 s (1347)",sí (🔊),selected (getCurrentSpeech por estado),speakMaze,es-AR (voz es-AR>es),0.9,1.05,¡Buscá la luz!,Tuteo.
M24,caramelo.maze.hint.whereBone,CARAMELO,laberinto,¿Dónde está el hueso?,donde esta el hueso,curious,P0,MEDIUM,assets-src/audio/voices/caramelo/caramelo-maze-hint-where-bone.wav,public/assets/audio/voices/caramelo/caramelo-maze-hint-where-bone.m4a,game3.js,"909 → 732, 1052, 1347","getCurrentSpeech: default (objetivo bone) | llamado desde 🔊 (732), casa antes de tiempo (1052) y pista a los 20 s (1347)",sí (🔊),selected (getCurrentSpeech por estado),speakMaze,es-AR (voz es-AR>es),0.9,1.05,,Default del switch: también sonaría para un tipo nuevo sin caso propio.
M25,caramelo.maze.blocker.needKeyFirst,CARAMELO,laberinto,¡Primero busca la llave!,primero busca la llave,gentle,P1,MEDIUM,assets-src/audio/voices/caramelo/caramelo-maze-blocker-need-key-first.wav,public/assets/audio/voices/caramelo/caramelo-maze-blocker-need-key-first.m4a,game3.js,981,Tocar la puerta sin la llave,no,no,speakMaze,es-AR (voz es-AR>es),0.9,1.05,¡Primero buscá la llave!,Tuteo.
M26,caramelo.maze.blocker.findButton,CARAMELO,laberinto,¡Busca el botón!,busca el boton,gentle,P1,SHORT,assets-src/audio/voices/caramelo/caramelo-maze-blocker-find-button.wav,public/assets/audio/voices/caramelo/caramelo-maze-blocker-find-button.m4a,game3.js,982,Tocar la barrera sin haber activado el botón,no,no,speakMaze,es-AR (voz es-AR>es),0.9,1.05,¡Buscá el botón!,Tuteo.
M27,caramelo.maze.blocker.needBridge,CARAMELO,laberinto,¡Necesitamos un puente!,necesitamos un puente,gentle,P1,SHORT,assets-src/audio/voices/caramelo/caramelo-maze-blocker-need-bridge.wav,public/assets/audio/voices/caramelo/caramelo-maze-blocker-need-bridge.m4a,game3.js,983,Tocar el agua sin puente,no,no,speakMaze,es-AR (voz es-AR>es),0.9,1.05,,
M28,caramelo.maze.blocker.builtBridge,CARAMELO,laberinto,¡Construimos un puente!,construimos un puente,celebratory,P2,SHORT,assets-src/audio/voices/caramelo/caramelo-maze-blocker-built-bridge.wav,public/assets/audio/voices/caramelo/caramelo-maze-blocker-built-bridge.m4a,game3.js,1002,Construir el puente con la madera,no,no,speakMaze,es-AR (voz es-AR>es),0.9,1.05,,
M29,caramelo.maze.blocker.doorOpened,CARAMELO,laberinto,¡Se abrió la puerta!,se abrio la puerta,celebratory,P2,MEDIUM,assets-src/audio/voices/caramelo/caramelo-maze-blocker-door-opened.wav,public/assets/audio/voices/caramelo/caramelo-maze-blocker-door-opened.m4a,game3.js,1015,Abrir la puerta con la llave,no,no,speakMaze,es-AR (voz es-AR>es),0.9,1.05,,
M30,caramelo.maze.blocker.wePassed,CARAMELO,laberinto,¡Pasamos!,pasamos,celebratory,P2,SHORT,assets-src/audio/voices/caramelo/caramelo-maze-blocker-we-passed.wav,public/assets/audio/voices/caramelo/caramelo-maze-blocker-we-passed.m4a,game3.js,1015,Pasar la barrera abierta (gate),no,no,speakMaze,es-AR (voz es-AR>es),0.9,1.05,,
M31,caramelo.maze.blocker.needWaterFirst,CARAMELO,laberinto,¡Primero busca el agua!,primero busca el agua,gentle,P1,MEDIUM,assets-src/audio/voices/caramelo/caramelo-maze-blocker-need-water-first.wav,public/assets/audio/voices/caramelo/caramelo-maze-blocker-need-water-first.m4a,game3.js,1036,Pisar la planta sin el agua (no bloquea),no,no,speakMaze,es-AR (voz es-AR>es),0.9,1.05,¡Primero buscá el agua!,Tuteo.
M32,caramelo.maze.found.pathOpened,CARAMELO,laberinto,¡Se abrió el camino!,se abrio el camino,celebratory,P2,MEDIUM,assets-src/audio/voices/caramelo/caramelo-maze-found-path-opened.wav,public/assets/audio/voices/caramelo/caramelo-maze-found-path-opened.m4a,game3.js,1187,Activar el botón (switch),no,no,speakMaze,es-AR (voz es-AR>es),0.9,1.05,,
M33,caramelo.maze.found.lightOn,CARAMELO,laberinto,¡Ahora hay luz!,ahora hay luz,surprised,P2,SHORT,assets-src/audio/voices/caramelo/caramelo-maze-found-light-on.wav,public/assets/audio/voices/caramelo/caramelo-maze-found-light-on.m4a,game3.js,1199,Encender la luz (night-b),no,no,speakMaze,es-AR (voz es-AR>es),0.9,1.05,,
M34,caramelo.maze.found.flowerGrew,CARAMELO,laberinto,¡La flor creció!,la flor crecio,celebratory,P2,SHORT,assets-src/audio/voices/caramelo/caramelo-maze-found-flower-grew.wav,public/assets/audio/voices/caramelo/caramelo-maze-found-flower-grew.m4a,game3.js,1209,Regar la planta,no,no,speakMaze,es-AR (voz es-AR>es),0.9,1.05,,
M35,caramelo.maze.found.friendGoHome,CARAMELO,laberinto,¡Encontraste a tu amigo! Vamos a casa.,encontraste a tu amigo vamos a casa,celebratory,P2,MEDIUM,assets-src/audio/voices/caramelo/caramelo-maze-found-friend-go-home.wav,public/assets/audio/voices/caramelo/caramelo-maze-found-friend-go-home.m4a,game3.js,1218; 1245,Encontrar al amigo con la misión completa,no,selected (ternario),speakMaze,es-AR (voz es-AR>es),0.9,1.05,,Ternario isMissionComplete. La corta M12 al segundo.
M36,caramelo.maze.found.friend,CARAMELO,laberinto,¡Encontraste a tu amigo!,encontraste a tu amigo,celebratory,P2,MEDIUM,assets-src/audio/voices/caramelo/caramelo-maze-found-friend.wav,public/assets/audio/voices/caramelo/caramelo-maze-found-friend.m4a,game3.js,1218; 1245,Encontrar al amigo con objetivos pendientes,no,selected (ternario),speakMaze,es-AR (voz es-AR>es),0.9,1.05,,
M37,caramelo.maze.found.secret,CARAMELO,laberinto,¡Encontraste un secreto!,encontraste un secreto,surprised,P3,SHORT,assets-src/audio/voices/caramelo/caramelo-maze-found-secret.wav,public/assets/audio/voices/caramelo/caramelo-maze-found-secret.m4a,game3.js,1226,Objetivo opcional 💎 (snow-b),no,no,speakMaze,es-AR (voz es-AR>es),0.9,1.05,,
M38,caramelo.maze.found.key,CARAMELO,laberinto,¡Encontraste la llave!,encontraste la llave,celebratory,P2,SHORT,assets-src/audio/voices/caramelo/caramelo-maze-found-key.wav,public/assets/audio/voices/caramelo/caramelo-maze-found-key.m4a,game3.js,1240,Recoger la llave,no,no,speakMaze,es-AR (voz es-AR>es),0.9,1.05,,
M39,caramelo.maze.found.allStarsGoHome,CARAMELO,laberinto,¡Encontraste todas las estrellas! Vamos a casa.,encontraste todas las estrellas vamos a casa,celebratory,P2,MEDIUM,assets-src/audio/voices/caramelo/caramelo-maze-found-all-stars-go-home.wav,public/assets/audio/voices/caramelo/caramelo-maze-found-all-stars-go-home.m4a,game3.js,1247,Última estrella con la misión completa,no,selected (ternario),speakMaze,es-AR (voz es-AR>es),0.9,1.05,,"La corta M12. En night-b hay 1 sola estrella: dice ""todas""."
M40,caramelo.maze.found.oneStar,CARAMELO,laberinto,¡Una estrella!,una estrella,celebratory,P2,SHORT,assets-src/audio/voices/caramelo/caramelo-maze-found-one-star.wav,public/assets/audio/voices/caramelo/caramelo-maze-found-one-star.m4a,game3.js,1247,Estrella con objetivos pendientes,no,selected (ternario),speakMaze,es-AR (voz es-AR>es),0.9,1.05,,
M41,caramelo.maze.found.water,CARAMELO,laberinto,¡Encontraste agua!,encontraste agua,celebratory,P2,SHORT,assets-src/audio/voices/caramelo/caramelo-maze-found-water.wav,public/assets/audio/voices/caramelo/caramelo-maze-found-water.m4a,game3.js,1249,Recoger el agua,no,no,speakMaze,es-AR (voz es-AR>es),0.9,1.05,,
M42,caramelo.maze.found.wood,CARAMELO,laberinto,¡Encontraste madera!,encontraste madera,celebratory,P2,SHORT,assets-src/audio/voices/caramelo/caramelo-maze-found-wood.wav,public/assets/audio/voices/caramelo/caramelo-maze-found-wood.m4a,game3.js,1251,Recoger la madera,no,no,speakMaze,es-AR (voz es-AR>es),0.9,1.05,,
M43,caramelo.maze.found.allGoHome,CARAMELO,laberinto,¡Encontraste todos! Ahora vamos a casa.,encontraste todos ahora vamos a casa,celebratory,P2,MEDIUM,assets-src/audio/voices/caramelo/caramelo-maze-found-all-go-home.wav,public/assets/audio/voices/caramelo/caramelo-maze-found-all-go-home.m4a,game3.js,1253,Último hueso (u otro recolectable genérico) con la misión completa,no,selected (ternario),speakMaze,es-AR (voz es-AR>es),0.9,1.05,,"La corta M12. En forest-a (1 hueso) dice ""todos""."
M44,caramelo.maze.found.oneMore,CARAMELO,laberinto,¡Encontraste uno! Falta otro.,encontraste uno falta otro,encouraging,P2,MEDIUM,assets-src/audio/voices/caramelo/caramelo-maze-found-one-more.wav,public/assets/audio/voices/caramelo/caramelo-maze-found-one-more.m4a,game3.js,1253,Primer hueso de dos,no,selected (ternario),speakMaze,es-AR (voz es-AR>es),0.9,1.05,,
M45,caramelo.maze.arrivedHome,CARAMELO,laberinto,¡Llegamos a casa!,llegamos a casa,celebratory,P2,SHORT,assets-src/audio/voices/caramelo/caramelo-maze-arrived-home.wav,public/assets/audio/voices/caramelo/caramelo-maze-arrived-home.m4a,game3.js,1290,Llegar a casa con la misión completa,no,no,speakMaze,es-AR (voz es-AR>es),0.9,1.05,,
M46,caramelo.maze.adventureComplete,CARAMELO,laberinto,¡Muy bien Sofi! ¡Terminaste la aventura!,muy bien sofi terminaste la aventura,celebratory,P2,MEDIUM,assets-src/audio/voices/caramelo/caramelo-maze-adventure-complete.wav,public/assets/audio/voices/caramelo/caramelo-maze-adventure-complete.m4a,game3.js,1402,Fin de la aventura (FinalCelebrationScene),no,no,speakMaze,es-AR (voz es-AR>es),0.9,1.05,"¡Muy bien, Sofi! ¡Terminaste la aventura!",Mismo texto que D19 (GUIDE): NO compartir audio.
G01,narrator.cat.need.sleepy,UNKNOWN,gatito,El gatito tiene sueño.,el gatito tiene sueno,gentle,P1,MEDIUM,assets-src/audio/voices/narrator/narrator-cat-need-sleepy.wav,public/assets/audio/voices/narrator/narrator-cat-need-sleepy.m4a,game4.js,826 → 845,Necesidad principal = energy (una vez por necesidad y por sesión),no,selected (switch por necesidad),scene.speakCat,voz es-AR>es; si no hay: es-ES,0.9,1.1,(solo si pasa a CAT) ¡Tengo sueño!,"Narrador en 3ª persona: ¿guía, narrador o el gatito en 1ª persona? Decidir antes de grabar."
G02,narrator.cat.need.hungry,UNKNOWN,gatito,El gatito tiene hambre.,el gatito tiene hambre,gentle,P1,MEDIUM,assets-src/audio/voices/narrator/narrator-cat-need-hungry.wav,public/assets/audio/voices/narrator/narrator-cat-need-hungry.m4a,game4.js,827 → 845,Necesidad principal = hunger (una vez por necesidad y por sesión),no,selected (switch por necesidad),scene.speakCat,voz es-AR>es; si no hay: es-ES,0.9,1.1,(solo si pasa a CAT) ¡Tengo hambre!,"Narrador en 3ª persona: ¿guía, narrador o el gatito en 1ª persona? Decidir antes de grabar."
G03,narrator.cat.need.thirsty,UNKNOWN,gatito,El gatito tiene sed.,el gatito tiene sed,gentle,P1,MEDIUM,assets-src/audio/voices/narrator/narrator-cat-need-thirsty.wav,public/assets/audio/voices/narrator/narrator-cat-need-thirsty.m4a,game4.js,828 → 845,Necesidad principal = thirst (una vez por necesidad y por sesión),no,selected (switch por necesidad),scene.speakCat,voz es-AR>es; si no hay: es-ES,0.9,1.1,(solo si pasa a CAT) ¡Tengo sed!,"Narrador en 3ª persona: ¿guía, narrador o el gatito en 1ª persona? Decidir antes de grabar."
G04,narrator.cat.need.needsBath,UNKNOWN,gatito,El gatito necesita un baño.,el gatito necesita un bano,gentle,P1,MEDIUM,assets-src/audio/voices/narrator/narrator-cat-need-needs-bath.wav,public/assets/audio/voices/narrator/narrator-cat-need-needs-bath.m4a,game4.js,829 → 845,Necesidad principal = cleanliness (una vez por necesidad y por sesión),no,selected (switch por necesidad),scene.speakCat,voz es-AR>es; si no hay: es-ES,0.9,1.1,(solo si pasa a CAT) ¡Necesito un baño!,"Narrador en 3ª persona: ¿guía, narrador o el gatito en 1ª persona? Decidir antes de grabar."
G05,narrator.cat.need.wantsPlay,UNKNOWN,gatito,El gatito quiere jugar.,el gatito quiere jugar,gentle,P1,MEDIUM,assets-src/audio/voices/narrator/narrator-cat-need-wants-play.wav,public/assets/audio/voices/narrator/narrator-cat-need-wants-play.m4a,game4.js,830 → 845,Necesidad principal = fun (una vez por necesidad y por sesión),no,selected (switch por necesidad),scene.speakCat,voz es-AR>es; si no hay: es-ES,0.9,1.1,(solo si pasa a CAT) ¡Quiero jugar!,"Narrador en 3ª persona: ¿guía, narrador o el gatito en 1ª persona? Decidir antes de grabar."
G06,cat.pref.favorite,CAT,gatito,¡Creo que este es mi favorito!,creo que este es mi favorito,playful,P2,MEDIUM,assets-src/audio/voices/cat/cat-pref-favorite.wav,public/assets/audio/voices/cat/cat-pref-favorite.m4a,game4.js,204,"Cambia la comida, el juguete o el lugar favorito (recordPreference)",no,no,scene.speakCat,voz es-AR>es; si no hay: es-ES,0.9,1.1,,Gatito en 1ª persona: mezcla con el narrador de G01–G05 y G07.
G07,narrator.cat.veryHappy,UNKNOWN,gatito,¡El gatito está muy feliz!,el gatito esta muy feliz,celebratory,P2,MEDIUM,assets-src/audio/voices/narrator/narrator-cat-very-happy.wav,public/assets/audio/voices/narrator/narrator-cat-very-happy.m4a,game4.js,1386,Todas las necesidades cubiertas (una vez por sesión),no,no,scene.speakCat,voz es-AR>es; si no hay: es-ES,0.9,1.1,(solo si pasa a CAT) ¡Estoy muy feliz!,Narrador en 3ª persona.
G08,cat.cat.memory.firstLove,CAT,gatito,¡Nos dimos mucho cariño!,nos dimos mucho carino,warm,P3,MEDIUM,assets-src/audio/voices/cat/cat-cat-memory-first-love.wav,public/assets/audio/voices/cat/cat-cat-memory-first-love.m4a,game4.js,33 → 1209,"Tocar el recuerdo ""first-love"" desbloqueado en el álbum (showMemoryDetail)",sí (tocar de nuevo),selected (mem.description),scene.speakCat,voz es-AR>es; si no hay: es-ES,0.9,1.1,,
G09,cat.cat.memory.firstMeal,CAT,gatito,Comimos juntos por primera vez.,comimos juntos por primera vez,warm,P3,MEDIUM,assets-src/audio/voices/cat/cat-cat-memory-first-meal.wav,public/assets/audio/voices/cat/cat-cat-memory-first-meal.m4a,game4.js,34 → 1209,"Tocar el recuerdo ""first-meal"" desbloqueado en el álbum (showMemoryDetail)",sí (tocar de nuevo),selected (mem.description),scene.speakCat,voz es-AR>es; si no hay: es-ES,0.9,1.1,,
G10,cat.cat.memory.firstPlay,CAT,gatito,¡Nos divertimos mucho jugando!,nos divertimos mucho jugando,warm,P3,MEDIUM,assets-src/audio/voices/cat/cat-cat-memory-first-play.wav,public/assets/audio/voices/cat/cat-cat-memory-first-play.m4a,game4.js,35 → 1209,"Tocar el recuerdo ""first-play"" desbloqueado en el álbum (showMemoryDetail)",sí (tocar de nuevo),selected (mem.description),scene.speakCat,voz es-AR>es; si no hay: es-ES,0.9,1.1,,
G11,cat.cat.memory.firstBath,CAT,gatito,¡Quedamos muy limpios!,quedamos muy limpios,warm,P3,SHORT,assets-src/audio/voices/cat/cat-cat-memory-first-bath.wav,public/assets/audio/voices/cat/cat-cat-memory-first-bath.m4a,game4.js,36 → 1209,"Tocar el recuerdo ""first-bath"" desbloqueado en el álbum (showMemoryDetail)",sí (tocar de nuevo),selected (mem.description),scene.speakCat,voz es-AR>es; si no hay: es-ES,0.9,1.1,,
G12,narrator.cat.memory.firstSleep,UNKNOWN,gatito,"Dulces sueños, gatito.",dulces suenos gatito,warm,P3,SHORT,assets-src/audio/voices/narrator/narrator-cat-memory-first-sleep.wav,public/assets/audio/voices/narrator/narrator-cat-memory-first-sleep.m4a,game4.js,37 → 1209,"Tocar el recuerdo ""first-sleep"" desbloqueado en el álbum (showMemoryDetail)",sí (tocar de nuevo),selected (mem.description),scene.speakCat,voz es-AR>es; si no hay: es-ES,0.9,1.1,,Le habla AL gatito: no puede decirla el gatito.
G13,cat.cat.memory.butterfly,CAT,gatito,Vimos una mariposa en el jardín.,vimos una mariposa en el jardin,warm,P3,MEDIUM,assets-src/audio/voices/cat/cat-cat-memory-butterfly.wav,public/assets/audio/voices/cat/cat-cat-memory-butterfly.m4a,game4.js,38 → 1209,"Tocar el recuerdo ""butterfly"" desbloqueado en el álbum (showMemoryDetail)",sí (tocar de nuevo),selected (mem.description),scene.speakCat,voz es-AR>es; si no hay: es-ES,0.9,1.1,,HOY INALCANZABLE: ningún unlockCatMemory la desbloquea.
G14,cat.cat.memory.bird,CAT,gatito,Saludamos a un pajarito.,saludamos a un pajarito,warm,P3,MEDIUM,assets-src/audio/voices/cat/cat-cat-memory-bird.wav,public/assets/audio/voices/cat/cat-cat-memory-bird.m4a,game4.js,39 → 1209,"Tocar el recuerdo ""bird"" desbloqueado en el álbum (showMemoryDetail)",sí (tocar de nuevo),selected (mem.description),scene.speakCat,voz es-AR>es; si no hay: es-ES,0.9,1.1,,HOY INALCANZABLE: ningún unlockCatMemory la desbloquea.
G15,cat.cat.memory.ladybug,CAT,gatito,¡Una mariquita roja!,una mariquita roja,warm,P3,SHORT,assets-src/audio/voices/cat/cat-cat-memory-ladybug.wav,public/assets/audio/voices/cat/cat-cat-memory-ladybug.m4a,game4.js,40 → 1209,"Tocar el recuerdo ""ladybug"" desbloqueado en el álbum (showMemoryDetail)",sí (tocar de nuevo),selected (mem.description),scene.speakCat,voz es-AR>es; si no hay: es-ES,0.9,1.1,¡Una vaquita de San Antonio!,"HOY INALCANZABLE: ningún unlockCatMemory la desbloquea. ""Mariquita"" no es rioplatense (vaquita de San Antonio)."
G16,cat.cat.memory.firefly,CAT,gatito,Luz brillante en la noche.,luz brillante en la noche,warm,P3,MEDIUM,assets-src/audio/voices/cat/cat-cat-memory-firefly.wav,public/assets/audio/voices/cat/cat-cat-memory-firefly.m4a,game4.js,41 → 1209,"Tocar el recuerdo ""firefly"" desbloqueado en el álbum (showMemoryDetail)",sí (tocar de nuevo),selected (mem.description),scene.speakCat,voz es-AR>es; si no hay: es-ES,0.9,1.1,,HOY INALCANZABLE: ningún unlockCatMemory la desbloquea.
G17,cat.cat.memory.boxSurprise,CAT,gatito,¡Algo saltó de la caja!,algo salto de la caja,warm,P3,MEDIUM,assets-src/audio/voices/cat/cat-cat-memory-box-surprise.wav,public/assets/audio/voices/cat/cat-cat-memory-box-surprise.m4a,game4.js,42 → 1209,"Tocar el recuerdo ""box-surprise"" desbloqueado en el álbum (showMemoryDetail)",sí (tocar de nuevo),selected (mem.description),scene.speakCat,voz es-AR>es; si no hay: es-ES,0.9,1.1,,HOY INALCANZABLE: ningún unlockCatMemory la desbloquea.
G18,cat.cat.memory.moonWindow,CAT,gatito,Miramos la noche juntos.,miramos la noche juntos,warm,P3,MEDIUM,assets-src/audio/voices/cat/cat-cat-memory-moon-window.wav,public/assets/audio/voices/cat/cat-cat-memory-moon-window.m4a,game4.js,43 → 1209,"Tocar el recuerdo ""moon-window"" desbloqueado en el álbum (showMemoryDetail)",sí (tocar de nuevo),selected (mem.description),scene.speakCat,voz es-AR>es; si no hay: es-ES,0.9,1.1,,HOY INALCANZABLE: ningún unlockCatMemory la desbloquea.
G19,cat.cat.memory.happyTogether,CAT,gatito,¡Un momento perfecto juntos!,un momento perfecto juntos,warm,P3,MEDIUM,assets-src/audio/voices/cat/cat-cat-memory-happy-together.wav,public/assets/audio/voices/cat/cat-cat-memory-happy-together.m4a,game4.js,44 → 1209,"Tocar el recuerdo ""happy-together"" desbloqueado en el álbum (showMemoryDetail)",sí (tocar de nuevo),selected (mem.description),scene.speakCat,voz es-AR>es; si no hay: es-ES,0.9,1.1,,
G20,narrator.cat.memory.favoriteFood,UNKNOWN,gatito,Descubrimos lo que le gusta comer.,descubrimos lo que le gusta comer,warm,P3,MEDIUM,assets-src/audio/voices/narrator/narrator-cat-memory-favorite-food.wav,public/assets/audio/voices/narrator/narrator-cat-memory-favorite-food.m4a,game4.js,45 → 1209,"Tocar el recuerdo ""favorite-food"" desbloqueado en el álbum (showMemoryDetail)",sí (tocar de nuevo),selected (mem.description),scene.speakCat,voz es-AR>es; si no hay: es-ES,0.9,1.1,,Habla del gatito en 3ª persona.
G21,narrator.cat.memory.favoriteToy,UNKNOWN,gatito,Descubrimos su juego favorito.,descubrimos su juego favorito,warm,P3,MEDIUM,assets-src/audio/voices/narrator/narrator-cat-memory-favorite-toy.wav,public/assets/audio/voices/narrator/narrator-cat-memory-favorite-toy.m4a,game4.js,46 → 1209,"Tocar el recuerdo ""favorite-toy"" desbloqueado en el álbum (showMemoryDetail)",sí (tocar de nuevo),selected (mem.description),scene.speakCat,voz es-AR>es; si no hay: es-ES,0.9,1.1,,Habla del gatito en 3ª persona.
G22,narrator.cat.memory.favoriteZone,UNKNOWN,gatito,Descubrimos dónde le gusta estar.,descubrimos donde le gusta estar,warm,P3,MEDIUM,assets-src/audio/voices/narrator/narrator-cat-memory-favorite-zone.wav,public/assets/audio/voices/narrator/narrator-cat-memory-favorite-zone.m4a,game4.js,47 → 1209,"Tocar el recuerdo ""favorite-zone"" desbloqueado en el álbum (showMemoryDetail)",sí (tocar de nuevo),selected (mem.description),scene.speakCat,voz es-AR>es; si no hay: es-ES,0.9,1.1,,Habla del gatito en 3ª persona.
R01,guide.memory.findPairs,GUIDE,memoria,¡Encuentra las parejas!,encuentra las parejas,encouraging,P0,SHORT,assets-src/audio/voices/guide/guide-memory-find-pairs.wav,public/assets/audio/voices/guide/guide-memory-find-pairs.m4a,game5.js,283,Ronda pairs del nivel 1,no,no,SofiApp.audio.speak,es-AR,0.9,1.2,¡Encontrá las parejas!,Tuteo.
R02,guide.memory.lookCarefully,GUIDE,memoria,¡Mira bien!,mira bien,calm,P0,SHORT,assets-src/audio/voices/guide/guide-memory-look-carefully.wav,public/assets/audio/voices/guide/guide-memory-look-carefully.m4a,game5.js,285; 367,Rondas pairs de nivel >1; primera pregunta de visualRecall después de la intro,no,no,SofiApp.audio.speak,es-AR,0.9,1.2,¡Mirá bien!,Candidata a compartir con D07 (GUIDE). Tuteo.
R03,guide.memory.lookAndRemember,GUIDE,memoria,¡Mira bien y recuerda!,mira bien y recuerda,calm,P0,MEDIUM,assets-src/audio/voices/guide/guide-memory-look-and-remember.wav,public/assets/audio/voices/guide/guide-memory-look-and-remember.m4a,game5.js,320,Intro de la primera ronda visualRecall (una vez por sesión),no,no,SofiApp.audio.speak,es-AR,0.9,1.2,¡Mirá bien y acordate!,Tuteo.
R04,guide.memory.whichWasThere,GUIDE,memoria,¿Cuál estaba?,cual estaba,curious,P0,SHORT,assets-src/audio/voices/guide/guide-memory-which-was-there.wav,public/assets/audio/voices/guide/guide-memory-which-was-there.m4a,game5.js,433,Pregunta de cada visualRecall,no,no,SofiApp.audio.speak,es-AR,0.9,1.2,,
R05,guide.memory.watchOrderRemember,GUIDE,memoria,¡Mira el orden y recuerda!,mira el orden y recuerda,calm,P0,MEDIUM,assets-src/audio/voices/guide/guide-memory-watch-order-remember.wav,public/assets/audio/voices/guide/guide-memory-watch-order-remember.m4a,game5.js,582,Intro de la primera ronda sequenceRecall (una vez por sesión),no,no,SofiApp.audio.speak,es-AR,0.9,1.2,¡Mirá el orden y acordate!,Tuteo.
R06,guide.memory.watchOrder,GUIDE,memoria,¡Mira el orden!,mira el orden,calm,P0,SHORT,assets-src/audio/voices/guide/guide-memory-watch-order.wav,public/assets/audio/voices/guide/guide-memory-watch-order.m4a,game5.js,625,Primera secuencia de rondas sequenceRecall posteriores,no,no,SofiApp.audio.speak,es-AR,0.9,1.2,¡Mirá el orden!,Tuteo.
R07,guide.memory.nowDoTheSame,GUIDE,memoria,¡Ahora hazlo igual!,ahora hazlo igual,encouraging,P0,SHORT,assets-src/audio/voices/guide/guide-memory-now-do-the-same.wav,public/assets/audio/voices/guide/guide-memory-now-do-the-same.m4a,game5.js,689,Turno de repetir la secuencia,no,no,SofiApp.audio.speak,es-AR,0.9,1.2,¡Ahora hacelo igual!,Tuteo.
R08,guide.memory.wellDone,GUIDE,memoria,¡Muy bien!,muy bien,celebratory,P1,SHORT,assets-src/audio/voices/guide/guide-memory-well-done.wav,public/assets/audio/voices/guide/guide-memory-well-done.m4a,game5.js,1194,Fin de cada nivel (completeLevel),no,no,SofiApp.audio.speak,es-AR,0.9,1.2,,La más frecuente de Memoria (5 por aventura).
R09,guide.memory.halfway,GUIDE,memoria,¡Mitad de la aventura!,mitad de la aventura,celebratory,P2,MEDIUM,assets-src/audio/voices/guide/guide-memory-halfway.wav,public/assets/audio/voices/guide/guide-memory-halfway.m4a,game5.js,1224,Después del nivel 3 (se encola detrás de R08),no,no,SofiApp.audio.speak,es-AR,0.9,1.2,,
R10,guide.memory.adventureComplete,GUIDE,memoria,¡Excelente Sofi! ¡Qué buena memoria!,excelente sofi que buena memoria,celebratory,P2,MEDIUM,assets-src/audio/voices/guide/guide-memory-adventure-complete.wav,public/assets/audio/voices/guide/guide-memory-adventure-complete.m4a,game5.js,1245,FinalMemoryScene.create,no,no,SofiApp.audio.speak,es-AR,0.9,1.2,"¡Excelente, Sofi! ¡Qué buena memoria!",
